{"ServerSource":"https://github.com/huangweikai465/ENSServer",                         "HelpHtml":"help.html",                         "TerminalCMD":"start cmd /k $(CMD)",                        "CMDList":[{"Type":"ssh","CMD":"ssh test@$(IP)","Terminal":true},                        {"Type":"ftp","CMD":"start ftp://$(IP)"},                        {"Type":"smb","CMD":"start \\\\$(IP)"},                        {"Type":"web","CMD":"start http://$(IP):$(PORT)"},                        {"Type":"web","CMD":"start https://$(IP):$(PORT)"}]}